<?xml version="1.0" encoding="UTF-8"?>
<objects serializationModel="Studio.02.02.00">
	<object class="AudioFile" id="{52afe151-7d15-4be3-93bf-97dc188a594b}">
		<property name="assetPath">
			<value>Heya.ogg</value>
		</property>
		<property name="isStreaming">
			<value>true</value>
		</property>
		<property name="frequencyInKHz">
			<value>44.0999985</value>
		</property>
		<property name="channelCount">
			<value>2</value>
		</property>
		<property name="length">
			<value>189.8463492063492</value>
		</property>
		<relationship name="masterAssetFolder">
			<destination>{b0e0f0f2-d163-4692-8a81-a63e7ae6a598}</destination>
		</relationship>
	</object>
</objects>
