<?xml version="1.0" encoding="UTF-8"?>
<objects serializationModel="Studio.02.02.00">
	<object class="Event" id="{c0db1e6e-39f6-4755-bafa-1172f512762e}">
		<property name="name">
			<value>Heya</value>
		</property>
		<property name="outputFormat">
			<value>1</value>
		</property>
		<relationship name="folder">
			<destination>{4ccf4adc-48b6-465f-868f-d0e660838be4}</destination>
		</relationship>
		<relationship name="mixer">
			<destination>{05feec62-9ffe-48da-a9d1-3e681e430f58}</destination>
		</relationship>
		<relationship name="masterTrack">
			<destination>{1659f4f0-5c52-4d15-8a1c-68e67ae2a897}</destination>
		</relationship>
		<relationship name="mixerInput">
			<destination>{d8655909-82da-4779-a624-5c68eec1742b}</destination>
		</relationship>
		<relationship name="automatableProperties">
			<destination>{8175f96a-266f-49ad-b4e8-5d6de867cc01}</destination>
		</relationship>
		<relationship name="markerTracks">
			<destination>{932ab428-4972-4791-b72e-f7e82bc72e7a}</destination>
		</relationship>
		<relationship name="timeline">
			<destination>{0cacd372-7140-410b-8b5e-76ec6dd724b3}</destination>
		</relationship>
		<relationship name="parameters">
			<destination>{b894befd-b495-488f-b870-5c800c3a9a90}</destination>
		</relationship>
		<relationship name="banks">
			<destination>{d5fdb753-b3e0-4d38-ab41-28a2124df487}</destination>
		</relationship>
	</object>
	<object class="EventMixer" id="{05feec62-9ffe-48da-a9d1-3e681e430f58}">
		<relationship name="masterBus">
			<destination>{76cd24f6-251b-46c4-987e-b7fb2d62b94e}</destination>
		</relationship>
	</object>
	<object class="MasterTrack" id="{1659f4f0-5c52-4d15-8a1c-68e67ae2a897}">
		<relationship name="modules">
			<destination>{7f0d5655-3e81-41df-8d92-701eda6208aa}</destination>
		</relationship>
		<relationship name="mixerGroup">
			<destination>{76cd24f6-251b-46c4-987e-b7fb2d62b94e}</destination>
		</relationship>
	</object>
	<object class="MixerInput" id="{d8655909-82da-4779-a624-5c68eec1742b}">
		<relationship name="effectChain">
			<destination>{b2a50700-814a-45dd-b906-4c61c4fe675a}</destination>
		</relationship>
		<relationship name="panner">
			<destination>{83ef0106-6fc8-4c00-9c94-760850e24f83}</destination>
		</relationship>
		<relationship name="output">
			<destination>{40a3eb29-117b-460a-817a-071212903173}</destination>
		</relationship>
	</object>
	<object class="EventAutomatableProperties" id="{8175f96a-266f-49ad-b4e8-5d6de867cc01}" />
	<object class="MarkerTrack" id="{932ab428-4972-4791-b72e-f7e82bc72e7a}" />
	<object class="Timeline" id="{0cacd372-7140-410b-8b5e-76ec6dd724b3}">
		<property name="isProxyEnabled">
			<value>false</value>
		</property>
	</object>
	<object class="ActionSheet" id="{b894befd-b495-488f-b870-5c800c3a9a90}">
		<relationship name="modules">
			<destination>{7f0d5655-3e81-41df-8d92-701eda6208aa}</destination>
		</relationship>
	</object>
	<object class="EventMixerMaster" id="{76cd24f6-251b-46c4-987e-b7fb2d62b94e}">
		<relationship name="effectChain">
			<destination>{33d90da7-0486-4d64-b451-64ec9b7fc880}</destination>
		</relationship>
		<relationship name="panner">
			<destination>{77932f3a-906e-4394-9b4f-aca589c13801}</destination>
		</relationship>
		<relationship name="mixer">
			<destination>{05feec62-9ffe-48da-a9d1-3e681e430f58}</destination>
		</relationship>
	</object>
	<object class="MultiSound" id="{7f0d5655-3e81-41df-8d92-701eda6208aa}">
		<relationship name="sounds">
			<destination>{d1801d5d-7f34-407a-a6e6-190f4de1d8d0}</destination>
		</relationship>
	</object>
	<object class="MixerBusEffectChain" id="{b2a50700-814a-45dd-b906-4c61c4fe675a}">
		<relationship name="effects">
			<destination>{e7652a4f-8524-42a3-b6ad-4126b70b9238}</destination>
		</relationship>
	</object>
	<object class="MixerBusPanner" id="{83ef0106-6fc8-4c00-9c94-760850e24f83}" />
	<object class="MixerBusEffectChain" id="{33d90da7-0486-4d64-b451-64ec9b7fc880}">
		<relationship name="effects">
			<destination>{0c0cc2e7-52e9-4d4f-8cf8-fa120f697adf}</destination>
		</relationship>
	</object>
	<object class="MixerBusPanner" id="{77932f3a-906e-4394-9b4f-aca589c13801}" />
	<object class="SingleSound" id="{d1801d5d-7f34-407a-a6e6-190f4de1d8d0}">
		<relationship name="audioFile">
			<destination>{52afe151-7d15-4be3-93bf-97dc188a594b}</destination>
		</relationship>
	</object>
	<object class="MixerBusFader" id="{e7652a4f-8524-42a3-b6ad-4126b70b9238}" />
	<object class="MixerBusFader" id="{0c0cc2e7-52e9-4d4f-8cf8-fa120f697adf}" />
</objects>
