<?xml version="1.0" encoding="UTF-8"?>
<objects serializationModel="Studio.02.02.00">
	<object class="MixerReturn" id="{9444bafc-4f04-4ccd-97ef-5163cea08906}">
		<property name="overridingInputFormat">
			<value>2</value>
		</property>
		<property name="name">
			<value>Reverb</value>
		</property>
		<relationship name="effectChain">
			<destination>{d51c53fe-72fd-40dc-985d-3ab7d5ca21d2}</destination>
		</relationship>
		<relationship name="panner">
			<destination>{e72aff0c-682f-44a4-a2fb-3e4a5c3c7bed}</destination>
		</relationship>
		<relationship name="output">
			<destination>{40a3eb29-117b-460a-817a-071212903173}</destination>
		</relationship>
	</object>
	<object class="MixerBusEffectChain" id="{d51c53fe-72fd-40dc-985d-3ab7d5ca21d2}">
		<relationship name="effects">
			<destination>{c941ca16-cb26-477b-a64c-3f23fca58ea0}</destination>
			<destination>{a853c8b0-203e-4bb2-bcad-dbe5febb2d2a}</destination>
		</relationship>
	</object>
	<object class="MixerBusPanner" id="{e72aff0c-682f-44a4-a2fb-3e4a5c3c7bed}" />
	<object class="SFXReverbEffect" id="{c941ca16-cb26-477b-a64c-3f23fca58ea0}">
		<property name="wetLevel">
			<value>0</value>
		</property>
		<property name="dryLevel">
			<value>-80</value>
		</property>
	</object>
	<object class="MixerBusFader" id="{a853c8b0-203e-4bb2-bcad-dbe5febb2d2a}" />
</objects>
