<?xml version="1.0" encoding="UTF-8"?>
<objects serializationModel="Studio.02.02.00">
	<object class="EncodingSetting" id="{20fc2ec4-e015-4244-b172-2e1bd8d95fb1}">
		<property name="encodingFormat">
			<value>3</value>
		</property>
		<property name="quality">
			<value>37</value>
		</property>
		<relationship name="platform">
			<destination>{9480d24a-761b-4d91-8d97-e39e80c0f0d9}</destination>
		</relationship>
		<relationship name="encodable">
			<destination>{9480d24a-761b-4d91-8d97-e39e80c0f0d9}</destination>
		</relationship>
	</object>
</objects>
