<?xml version="1.0" encoding="UTF-8"?>
<objects serializationModel="Studio.02.02.00">
	<object class="Workspace" id="{484836f2-4bf1-4ccf-9c84-f138af349951}">
		<relationship name="projectSettings">
			<destination>{aecc0983-b22b-4455-bc7a-e96c08bbe8e2}</destination>
		</relationship>
	</object>
	<object class="ProjectSettings" id="{aecc0983-b22b-4455-bc7a-e96c08bbe8e2}">
		<relationship name="activePlatform">
			<destination>{9480d24a-761b-4d91-8d97-e39e80c0f0d9}</destination>
		</relationship>
	</object>
</objects>
